{
  "feature_names": [
    "freq_peak_ratio",
    "axis_energy_ratio",
    "high_freq_ratio",
    "quant_score",
    "entropy_mean",
    "saturation_mean",
    "saturation_std",
    "bright_ratio",
    "dark_ratio",
    "glare_ratio",
    "border_edge_ratio",
    "sharpness",
    "grad_mean",
    "grad_std",
    "row_banding",
    "col_banding"
  ],
  "mean": [
    3.018859212398529,
    0.03837645327672362,
    0.7081534969806671,
    0.08135416767559946,
    0.8954793602228165,
    0.3555202021449804,
    0.23122217366471887,
    0.016542167852089732,
    0.005038496322381434,
    0.03555016011704538,
    1.0512319641746581,
    0.14035695059486897,
    0.22823076480068266,
    0.37950632374733684,
    0.013354615828720853,
    0.01041629910498159
  ],
  "scale": [
    0.8026835861894475,
    0.008477146725718036,
    0.06606264560686571,
    0.10635916784386898,
    0.054565537128474624,
    0.1435889998187778,
    0.07852125901694391,
    0.048598659485840884,
    0.012867411749363598,
    0.06357269468487142,
    0.9193165165454737,
    0.09776924386557327,
    0.10842460016968691,
    0.1364983195167838,
    0.007289922207927421,
    0.005524359132721336
  ],
  "coef": [
    -0.07830850780010223,
    1.4675637483596802,
    1.52631413936615,
    -0.04910034313797951,
    0.06281911581754684,
    0.15660515427589417,
    0.339282751083374,
    -0.44185569882392883,
    0.0783390998840332,
    -0.4401465952396393,
    0.04045408219099045,
    0.5956181883811951,
    0.44232702255249023,
    0.7547586560249329,
    0.7701380848884583,
    0.701547384262085
  ],
  "intercept": -0.5836684703826904,
  "classes": [
    "real=0",
    "screen/recapture=1"
  ],
  "note": "Generated by train.py. predict.py outputs probability of recapture."
}